Jacob,MALE
Michael,MALE
Joshua,MALE
Matthew,MALE
Daniel,MALE
Christopher,MALE
Andrew,MALE
Ethan,MALE
Joseph,MALE
William,MALE
Anthony,MALE
David,MALE
Alexander,MALE
Nicholas,MALE
Ryan,MALE
Tyler,MALE
James,MALE
John,MALE
Jonathan,MALE
Noah,MALE
Brandon,MALE
Christian,MALE
Dylan,MALE
Samuel,MALE
Benjamin,MALE
Nathan,MALE
Zachary,MALE
Logan,MALE
Justin,MALE
Gabriel,MALE
Jose,MALE
Austin,MALE
Kevin,MALE
Elijah,MALE
Caleb,MALE
Robert,MALE
Thomas,MALE
Jordan,MALE
Cameron,MALE
Jack,MALE
Hunter,MALE
Jackson,MALE
Angel,MALE
Isaiah,MALE
Evan,MALE
Isaac,MALE
Luke,MALE
Mason,MALE
Jayden,MALE
Jason,MALE
Gavin,MALE
Aaron,MALE
Connor,MALE
Aiden,MALE
Aidan,MALE
Kyle,MALE
Juan,MALE
Charles,MALE
Luis,MALE
Adam,MALE
Lucas,MALE
Brian,MALE
Eric,MALE
Adrian,MALE
Nathaniel,MALE
Sean,MALE
Alex,MALE
Carlos,MALE
Bryan,MALE
Ian,MALE
Owen,MALE
Jesus,MALE
Landon,MALE
Julian,MALE
Chase,MALE
Cole,MALE
Diego,MALE
Jeremiah,MALE
Steven,MALE
Sebastian,MALE
Xavier,MALE
Timothy,MALE
Carter,MALE
Wyatt,MALE
Brayden,MALE
Blake,MALE
Hayden,MALE
Devin,MALE
Cody,MALE
Richard,MALE
Seth,MALE
Dominic,MALE
Jaden,MALE
Antonio,MALE
Miguel,MALE
Liam,MALE
Patrick,MALE
Carson,MALE
Jesse,MALE
Tristan,MALE
Alejandro,MALE
Henry,MALE
Victor,MALE
Trevor,MALE
Bryce,MALE
Jake,MALE
Riley,MALE
Colin,MALE
Jared,MALE
Jeremy,MALE
Mark,MALE
Caden,MALE
Garrett,MALE
Parker,MALE
Marcus,MALE
Vincent,MALE
Kaleb,MALE
Kaden,MALE
Brady,MALE
Colton,MALE
Kenneth,MALE
Joel,MALE
Oscar,MALE
Josiah,MALE
Jorge,MALE
Ashton,MALE
Cooper,MALE
Tanner,MALE
Eduardo,MALE
Paul,MALE
Edward,MALE
Ivan,MALE
Preston,MALE
Maxwell,MALE
Alan,MALE
Levi,MALE
Stephen,MALE
Grant,MALE
Nicolas,MALE
Dakota,MALE
Omar,MALE
Alexis,MALE
George,MALE
Eli,MALE
Collin,MALE
Spencer,MALE
Gage,MALE
Max,MALE
Ricardo,MALE
Cristian,MALE
Derek,MALE
Micah,MALE
Brody,MALE
Francisco,MALE
Nolan,MALE
Ayden,MALE
Dalton,MALE
Shane,MALE
Peter,MALE
Damian,MALE
Jeffrey,MALE
Brendan,MALE
Travis,MALE
Fernando,MALE
Peyton,MALE
Conner,MALE
Andres,MALE
Javier,MALE
Giovanni,MALE
Shawn,MALE
Braden,MALE
Jonah,MALE
Bradley,MALE
Cesar,MALE
Emmanuel,MALE
Manuel,MALE
Edgar,MALE
Mario,MALE
Erik,MALE
Edwin,MALE
Johnathan,MALE
Devon,MALE
Erick,MALE
Wesley,MALE
Oliver,MALE
Trenton,MALE
Hector,MALE
Malachi,MALE
Jalen,MALE
Raymond,MALE
Gregory,MALE
Abraham,MALE
Elias,MALE
Leonardo,MALE
Sergio,MALE
Donovan,MALE
Colby,MALE
Marco,MALE
Bryson,MALE
Martin,MALE
Emily,FEMALE
Madison,FEMALE
Emma,FEMALE
Olivia,FEMALE
Hannah,FEMALE
Abigail,FEMALE
Isabella,FEMALE
Samantha,FEMALE
Elizabeth,FEMALE
Ashley,FEMALE
Alexis,FEMALE
Sarah,FEMALE
Sophia,FEMALE
Alyssa,FEMALE
Grace,FEMALE
Ava,FEMALE
Taylor,FEMALE
Brianna,FEMALE
Lauren,FEMALE
Chloe,FEMALE
Natalie,FEMALE
Kayla,FEMALE
Jessica,FEMALE
Anna,FEMALE
Victoria,FEMALE
Mia,FEMALE
Hailey,FEMALE
Sydney,FEMALE
Jasmine,FEMALE
Julia,FEMALE
Morgan,FEMALE
Destiny,FEMALE
Rachel,FEMALE
Ella,FEMALE
Kaitlyn,FEMALE
Megan,FEMALE
Katherine,FEMALE
Savannah,FEMALE
Jennifer,FEMALE
Alexandra,FEMALE
Allison,FEMALE
Haley,FEMALE
Maria,FEMALE
Kaylee,FEMALE
Lily,FEMALE
Makayla,FEMALE
Brooke,FEMALE
Nicole,FEMALE
Mackenzie,FEMALE
Addison,FEMALE
Stephanie,FEMALE
Lillian,FEMALE
Andrea,FEMALE
Faith,FEMALE
Zoe,FEMALE
Kimberly,FEMALE
Madeline,FEMALE
Alexa,FEMALE
Katelyn,FEMALE
Gabriella,FEMALE
Gabrielle,FEMALE
Trinity,FEMALE
Amanda,FEMALE
Kylie,FEMALE
Mary,FEMALE
Paige,FEMALE
Riley,FEMALE
Leah,FEMALE
Jenna,FEMALE
Sara,FEMALE
Rebecca,FEMALE
Michelle,FEMALE
Sofia,FEMALE
Vanessa,FEMALE
Jordan,FEMALE
Angelina,FEMALE
Caroline,FEMALE
Avery,FEMALE
Audrey,FEMALE
Evelyn,FEMALE
Maya,FEMALE
Claire,FEMALE
Autumn,FEMALE
Jocelyn,FEMALE
Ariana,FEMALE
Nevaeh,FEMALE
Arianna,FEMALE
Jada,FEMALE
Bailey,FEMALE
Brooklyn,FEMALE
Aaliyah,FEMALE
Amber,FEMALE
Isabel,FEMALE
Mariah,FEMALE
Danielle,FEMALE
Melanie,FEMALE
Sierra,FEMALE
Erin,FEMALE
Amelia,FEMALE
Molly,FEMALE
Isabelle,FEMALE
Melissa,FEMALE
Madelyn,FEMALE
Jacqueline,FEMALE
Marissa,FEMALE
Angela,FEMALE
Shelby,FEMALE
Leslie,FEMALE
Katie,FEMALE
Jade,FEMALE
Catherine,FEMALE
Diana,FEMALE
Aubrey,FEMALE
Mya,FEMALE
Amy,FEMALE
Briana,FEMALE
Sophie,FEMALE
Gabriela,FEMALE
Breanna,FEMALE
Gianna,FEMALE
Kennedy,FEMALE
Gracie,FEMALE
Peyton,FEMALE
Adriana,FEMALE
Christina,FEMALE
Courtney,FEMALE
Daniela,FEMALE
Lydia,FEMALE
Kathryn,FEMALE
Valeria,FEMALE
Layla,FEMALE
Alexandria,FEMALE
Natalia,FEMALE
Angel,FEMALE
Laura,FEMALE
Charlotte,FEMALE
Margaret,FEMALE
Cheyenne,FEMALE
Naomi,FEMALE
Miranda,FEMALE
Mikayla,FEMALE
Kelsey,FEMALE
Payton,FEMALE
Ana,FEMALE
Alicia,FEMALE
Jillian,FEMALE
Daisy,FEMALE
Mckenzie,FEMALE
Ashlyn,FEMALE
Sabrina,FEMALE
Caitlin,FEMALE
Summer,FEMALE
Ruby,FEMALE
Valerie,FEMALE
Rylee,FEMALE
Skylar,FEMALE
Lindsey,FEMALE
Kelly,FEMALE
Genesis,FEMALE
Zoey,FEMALE
Eva,FEMALE
Sadie,FEMALE
Alexia,FEMALE
Cassidy,FEMALE
Kylee,FEMALE
Kendall,FEMALE
Jordyn,FEMALE
Kate,FEMALE
Jayla,FEMALE
Karen,FEMALE
Tiffany,FEMALE
Cassandra,FEMALE
Juliana,FEMALE
Reagan,FEMALE
Caitlyn,FEMALE
Giselle,FEMALE
Serenity,FEMALE
Alondra,FEMALE
Lucy,FEMALE
Bianca,FEMALE
Kiara,FEMALE
Crystal,FEMALE
Erica,FEMALE
Angelica,FEMALE
Hope,FEMALE
Chelsea,FEMALE
Alana,FEMALE
Liliana,FEMALE
Brittany,FEMALE
Camila,FEMALE
Makenzie,FEMALE
Lilly,FEMALE
Veronica,FEMALE
Abby,FEMALE
Jazmin,FEMALE
Adrianna,FEMALE
Delaney,FEMALE
Karina,FEMALE
Ellie,FEMALE
Jasmin,FEMALE

